<?xml version="1.0"?>
<object name="portal_catalog">
  <index name="type_of_talk" meta_type="FieldIndex">
    <indexed_attr value="type_of_talk"/>
  </index>
  <index name="speaker" meta_type="FieldIndex">
    <indexed_attr value="speaker"/>
  </index>
  <index name="room" meta_type="FieldIndex">
    <indexed_attr value="room"/>
  </index>
  <index name="audience" meta_type="KeywordIndex">
    <indexed_attr value="audience"/>
  </index>

  <column value="audience" />
  <column value="type_of_talk" />
  <column value="speaker" />
  <column value="room" />
</object>
