<?xml version="1.0" encoding="UTF-8"?>
<registry>
  <records interface="plone.app.querystring.interfaces.IQueryField"
           prefix="plone.app.querystring.field.audience">
    <value key="title">Audience</value>
    <value key="description">A custom speaker index</value>
    <value key="enabled">True</value>
    <value key="sortable">False</value>
    <value key="operations">
      <element>plone.app.querystring.operation.string.is</element>
    </value>
    <value key="group">Metadata</value>
  </records>
  <records interface="plone.app.querystring.interfaces.IQueryField"
           prefix="plone.app.querystring.field.type_of_talk">
    <value key="title">Type of Talk</value>
    <value key="description">A custom index</value>
    <value key="enabled">True</value>
    <value key="sortable">False</value>
    <value key="operations">
      <element>plone.app.querystring.operation.string.is</element>
    </value>
    <value key="group">Metadata</value>
  </records>
  <records interface="plone.app.querystring.interfaces.IQueryField"
           prefix="plone.app.querystring.field.speaker">
    <value key="title">Speaker</value>
    <value key="description">A custom index</value>
    <value key="enabled">True</value>
    <value key="sortable">False</value>
    <value key="operations">
      <element>plone.app.querystring.operation.string.is</element>
    </value>
    <value key="group">Metadata</value>
  </records>

  <record name="plone.enable_self_reg">
    <value>True</value>
  </record>

  <!-- the plonconf bundle -->
  <records prefix="plone.bundles/ploneconf-bundle"
           interface='Products.CMFPlone.interfaces.IBundleRegistry'>
    <value key="resources">
      <element>ploneconf-main</element>
    </value>
    <value key="enabled">True</value>
    <value key="compile">True</value>
    <value key="csscompilation">++plone++ploneconf.site/ploneconf.css</value>
    <value key="jscompilation">++plone++ploneconf.site/ploneconf.js</value>
    <value key="last_compilation"></value>
  </records>

  <records interface="ploneconf.site.browser.controlpanel.IPloneconfControlPanel"
           prefix="ploneconf" />

</registry>
