<?xml version="1.0" encoding="UTF-8"?>
<model xmlns="http://namespaces.plone.org/supermodel/schema"
       xmlns:form="http://namespaces.plone.org/supermodel/form"
       xmlns:i18n="http://xml.zope.org/namespaces/i18n"
       xmlns:lingua="http://namespaces.plone.org/supermodel/lingua"
       xmlns:marshal="http://namespaces.plone.org/supermodel/marshal"
       xmlns:security="http://namespaces.plone.org/supermodel/security"
       xmlns:users="http://namespaces.plone.org/supermodel/users">
  <schema>
    <field name="type_of_talk" type="zope.schema.Choice"
      form:widget="z3c.form.browser.radio.RadioFieldWidget">
      <description />
      <title>Type of talk</title>
      <values>
        <element>Talk</element>
        <element>Training</element>
        <element>Keynote</element>
        <element>Lightning Talk</element>
      </values>
    </field>
    <field name="details" type="plone.app.textfield.RichText">
      <description>Add a short description of the talk (max. 2000 characters)</description>
      <max_length>2000</max_length>
      <title>Details</title>
      <required>False</required>
    </field>
    <field name="audience"
           type="zope.schema.Set"
           form:widget="z3c.form.browser.checkbox.CheckBoxFieldWidget">
      <description />
      <title>Audience</title>
      <value_type type="zope.schema.Choice">
        <values>
          <element>Beginner</element>
          <element>Advanced</element>
          <element>Professionals</element>
        </values>
      </value_type>
    </field>
    <field name="room"
           type="zope.schema.Choice"
           form:widget="z3c.form.browser.radio.RadioFieldWidget"
           security:write-permission="cmf.ReviewPortalContent">
      <description></description>
      <required>False</required>
      <title>Room</title>
      <vocabulary>ploneconf.site.vocabularies.Rooms</vocabulary>
    </field>
    <field name="speaker" type="zope.schema.TextLine">
      <description>Name (or names) of the speaker</description>
      <title>Speaker</title>
      <required>False</required>
    </field>
    <field name="email" type="plone.schema.email.Email">
      <description>Adress of the speaker</description>
      <title>Email</title>
      <required>False</required>
    </field>
    <field name="image" type="plone.namedfile.field.NamedBlobImage">
      <description />
      <required>False</required>
      <title>Image</title>
    </field>
    <field name="speaker_biography" type="plone.app.textfield.RichText">
      <description />
      <max_length>1000</max_length>
      <required>False</required>
      <title>Speaker Biography</title>
    </field>
  </schema>
</model>
